timestamp,original,statuscode,digest,length,mimetype,category,note,query_url,datetime,year_month,year
20191201031941,https://newsroom.tiktok.com/en-us/an-update-on-recent-content-and-account-questions,200,VHKSV2Q6POUQIOJW7BJWHTVS6PTKWOCK,56176,text/html,NEWS,Newsroom 全部,newsroom.tiktok.com/en-us/*,2019-12-01 03:19:41,2019-12,2019
20191203032109,https://newsroom.tiktok.com/en-us/understanding-our-policies-around-paid-ads,200,4WHUW4NRK7UVIYSQ6KRXOE5DB6BUIFWF,57240,text/html,NEWS,Newsroom 全部,newsroom.tiktok.com/en-us/*,2019-12-03 03:21:09,2019-12,2019
20191203185602,https://newsroom.tiktok.com/en-us/updating-our-gifting-policies-to-protect-our-community,200,E3455OU6P3LG5AOXYSAA3EZ5JPY42ZDO,57136,text/html,NEWS,Newsroom 全部,newsroom.tiktok.com/en-us/*,2019-12-03 18:56:02,2019-12,2019
20191203185603,https://newsroom.tiktok.com/en-us/tag/safety,200,IVSMFGXVEOUXIYBYB4CLUV2YRQENV4GT,48178,text/html,NEWS,Newsroom 全部,newsroom.tiktok.com/en-us/*,2019-12-03 18:56:03,2019-12,2019
20191205081612,http://newsroom.tiktok.com:80/en-us/tag/safety,200,Z6TMH5NMBKAIEBSRK5U4GOTBRY25KMCZ,47430,text/html,NEWS,Newsroom 全部,newsroom.tiktok.com/en-us/*,2019-12-05 08:16:12,2019-12,2019
20191205132719,https://newsroom.tiktok.com/en-us/erlauterung-unseres-ansatz-zur-moderation-von-inhalten,200,2K2XSSIPHQZPHTSHGUEORQFWGOP76LJT,58002,text/html,NEWS,Newsroom 全部,newsroom.tiktok.com/en-us/*,2019-12-05 13:27:19,2019-12,2019
20191205134528,http://newsroom.tiktok.com:80/en-us/understanding-our-policies-around-paid-ads,200,PKJPEIDYQ5HJUMVO3MULW5BNN4G52SMY,57094,text/html,NEWS,Newsroom 全部,newsroom.tiktok.com/en-us/*,2019-12-05 13:45:28,2019-12,2019
20191206001703,http://newsroom.tiktok.com:80/en-us/updating-our-gifting-policies-to-protect-our-community,200,JMXSCL4GAG256WZC5OSQRGWUGRPE7W7J,56451,text/html,NEWS,Newsroom 全部,newsroom.tiktok.com/en-us/*,2019-12-06 00:17:03,2019-12,2019
20191206155726,https://newsroom.tiktok.com/en-us/statement-on-tiktoks-content-moderation-and-data-security-practices,200,6DDVIDB6KTXGBSZM4DKIGGBV6ONZYZDJ,56944,text/html,NEWS,Newsroom 全部,newsroom.tiktok.com/en-us/*,2019-12-06 15:57:26,2019-12,2019
20191206215217,http://newsroom.tiktok.com/en-us/tiktok-the-fader-launch-imwiththeband/,200,MJKRFL2NUAGXBKIT6BX5ILMSZAX3N2BI,55932,text/html,NEWS,Newsroom 全部,newsroom.tiktok.com/en-us/*,2019-12-06 21:52:17,2019-12,2019
20191206215235,http://newsroom.tiktok.com/en-us/updating-our-gifting-policies-to-protect-our-community,200,SMZOKVQJGUSC76L2ICQSHOBGJE7ZRL6T,56966,text/html,NEWS,Newsroom 全部,newsroom.tiktok.com/en-us/*,2019-12-06 21:52:35,2019-12,2019
20191206215347,http://newsroom.tiktok.com/en-us/understanding-our-community-guidelines/,200,W2ASW7DA3AEWAU4SRHQ45FGINKLHMOE6,57141,text/html,NEWS,Newsroom 全部,newsroom.tiktok.com/en-us/*,2019-12-06 21:53:47,2019-12,2019
20191206215613,http://newsroom.tiktok.com/en-us/tiktoks-new-user-safety-videos-merge-education-with-entertainment/,200,RPFBTEGYAYDM2LHFTX2KIXK3YTRXN5UM,58794,text/html,NEWS,Newsroom 全部,newsroom.tiktok.com/en-us/*,2019-12-06 21:56:13,2019-12,2019
20191206215845,http://newsroom.tiktok.com/en-us/an-update-on-recent-content-and-account-questions,200,UBT3VZEFLWDXOJ6EYBCAN4KOWVZ7LTVA,59640,text/html,NEWS,Newsroom 全部,newsroom.tiktok.com/en-us/*,2019-12-06 21:58:45,2019-12,2019
20191213005015,https://newsroom.tiktok.com/en-us/fosi-and-tiktok-launch-national-internet-safety-sessions-for-parents,200,HNAFJ4EXS6LTHZLBUNFWYJPNA6UPBHQB,58487,text/html,NEWS,Newsroom 全部,newsroom.tiktok.com/en-us/*,2019-12-13 00:50:15,2019-12,2019
20191213043348,http://newsroom.tiktok.com/en-us/youre-in-control-video-series-stars-tiktok-creators-to-educate-users-about-safety-features,200,WJ7CNPHNJ2THDA37NCRXJZNEDEHI6NF5,60260,text/html,NEWS,Newsroom 全部,newsroom.tiktok.com/en-us/*,2019-12-13 04:33:48,2019-12,2019
20191213043348,http://newsroom.tiktok.com/en-us/tag/safety,200,JSNWB2WB4ZNTIGBVUCEZK3NTGUDESH6Q,48918,text/html,NEWS,Newsroom 全部,newsroom.tiktok.com/en-us/*,2019-12-13 04:33:48,2019-12,2019
20191213043349,http://newsroom.tiktok.com/en-us/understanding-our-policies-around-paid-ads,200,7ZHAOSHSXT53LGRU2JR2C7CZTFVJS7RX,58249,text/html,NEWS,Newsroom 全部,newsroom.tiktok.com/en-us/*,2019-12-13 04:33:49,2019-12,2019
20191213043349,http://newsroom.tiktok.com/en-us/fosi-and-tiktok-launch-national-internet-safety-sessions-for-parents,200,RJKRFCYLLUS6VNXNSXCLDJWZ3NAQQ2SE,59124,text/html,NEWS,Newsroom 全部,newsroom.tiktok.com/en-us/*,2019-12-13 04:33:49,2019-12,2019
20191213043356,http://newsroom.tiktok.com/en-us/nfl-and-tiktok-announce-multi-year-partnership-to-bring-nfl-content-to-fans-around-the-world,200,ULL4AG26YCANNQLZ7G4R3M44A75IF472,58822,text/html,NEWS,Newsroom 全部,newsroom.tiktok.com/en-us/*,2019-12-13 04:33:56,2019-12,2019
20191213043401,http://newsroom.tiktok.com/en-us/family-online-safety-institute-welcomes-tiktok,200,5I3MGCP2PKECSUKPSQ3ORNPMFZCDUL4I,58118,text/html,NEWS,Newsroom 全部,newsroom.tiktok.com/en-us/*,2019-12-13 04:34:01,2019-12,2019
20191213043409,http://newsroom.tiktok.com/en-us/statement-on-tiktoks-content-moderation-and-data-security-practices,200,EVXZYRTTOHIQJGO2CBQ644FRBY5VH4FG,57617,text/html,NEWS,Newsroom 全部,newsroom.tiktok.com/en-us/*,2019-12-13 04:34:09,2019-12,2019
20191213104753,https://newsroom.tiktok.com/en-us/tiktoks-new-user-safety-videos-merge-education-with-entertainment,200,4NZ6OQXH6GH346D36MX63O4XULZIHRST,58988,text/html,NEWS,Newsroom 全部,newsroom.tiktok.com/en-us/*,2019-12-13 10:47:53,2019-12,2019
20191219063804,http://newsroom.tiktok.com:80/en-us/nfl-and-tiktok-announce-multi-year-partnership-to-bring-nfl-content-to-fans-around-the-world/,200,QO3COLDEWF4LP2OQRQXPVGE7HE4O7EQA,63016,text/html,NEWS,Newsroom 全部,newsroom.tiktok.com/en-us/*,2019-12-19 06:38:04,2019-12,2019
20191226181922,http://newsroom.tiktok.com:80/en-us/american-music-awards-announce-nominees-on-tiktok,200,FCSTAQV7Z5MRPEWNOOLW5KDTTQ52MJYP,61361,text/html,NEWS,Newsroom 全部,newsroom.tiktok.com/en-us/*,2019-12-26 18:19:22,2019-12,2019
20191226181941,http://newsroom.tiktok.com:80/en-us/family-online-safety-institute-welcomes-tiktok,200,2IPTHLUEL45HJKEUZAFW36EV3PNASA77,62970,text/html,NEWS,Newsroom 全部,newsroom.tiktok.com/en-us/*,2019-12-26 18:19:41,2019-12,2019
20191226182022,http://newsroom.tiktok.com:80/en-us/youre-in-control-video-series-stars-tiktok-creators-to-educate-users-about-safety-features,200,Q2VK6STQGDZ4WWOFBSJFML2YIYXGJSU7,65048,text/html,NEWS,Newsroom 全部,newsroom.tiktok.com/en-us/*,2019-12-26 18:20:22,2019-12,2019
20191226222454,http://newsroom.tiktok.com:80/en-us/fosi-and-tiktok-launch-national-internet-safety-sessions-for-parents,200,6TMCL7MPP6ID3KGYQ4L672NCOICAB2LE,63920,text/html,NEWS,Newsroom 全部,newsroom.tiktok.com/en-us/*,2019-12-26 22:24:54,2019-12,2019
20191230041501,http://newsroom.tiktok.com:80/en-us/understanding-our-community-guidelines/,200,LUROLQN4UD6QKF4E2GZVI4BTZCUVF22N,62684,text/html,NEWS,Newsroom 全部,newsroom.tiktok.com/en-us/*,2019-12-30 04:15:01,2019-12,2019
20191230115124,http://newsroom.tiktok.com:80/en-us/an-update-on-recent-content-and-account-questions,200,OJK7J5BY3372EYOUP24UMJZO42VGAMZB,65163,text/html,NEWS,Newsroom 全部,newsroom.tiktok.com/en-us/*,2019-12-30 11:51:24,2019-12,2019
20200101131619,"https://newsroom.tiktok.com/en-us/understanding-our-policies-around-paid-ads,",200,SE6ABKZH7WOLGYNASI6MNNQNLBN452U3,42951,text/html,NEWS,Newsroom 全部,newsroom.tiktok.com/en-us/*,2020-01-01 13:16:19,2020-01,2020
20200101133259,https://newsroom.tiktok.com/en-us/our-first-transparency-report,200,IG6ZM72SPDLOYDB4ONELO3I3OWJASZI3,63468,text/html,NEWS,Newsroom 全部,newsroom.tiktok.com/en-us/*,2020-01-01 13:32:59,2020-01,2020
20200102172248,https://newsroom.tiktok.com/en-us/updating-our-gifting-policies,200,V5MUAZNDR7PLURACX5B3JHNZXG65IT7P,62147,text/html,NEWS,Newsroom 全部,newsroom.tiktok.com/en-us/*,2020-01-02 17:22:48,2020-01,2020
20200108203928,https://newsroom.tiktok.com/en-us/adding-clarity-to-our-community-guidelines,200,CRPMEF7QUCOGC6R5RQPLXFAE4R4QDMED,62996,text/html,NEWS,Newsroom 全部,newsroom.tiktok.com/en-us/*,2020-01-08 20:39:28,2020-01,2020
20200117002255,http://newsroom.tiktok.com:80/en-us/our-first-transparency-report,200,SHPRI254AOIOEHULPKTRFHAWEDLQOESS,62488,text/html,NEWS,Newsroom 全部,newsroom.tiktok.com/en-us/*,2020-01-17 00:22:55,2020-01,2020
20200117004410,http://newsroom.tiktok.com:80/en-us/tiktoks-new-user-safety-videos-merge-education-with-entertainment/,200,NVAZQRSYILLU74ZDYF422ICDGI74D2MA,63314,text/html,NEWS,Newsroom 全部,newsroom.tiktok.com/en-us/*,2020-01-17 00:44:10,2020-01,2020
20200126040315,http://newsroom.tiktok.com:80/en-us/adding-clarity-to-our-community-guidelines,200,453YYCJPYEADYPJC6K3AVSFCRSZKUFW7,63488,text/html,NEWS,Newsroom 全部,newsroom.tiktok.com/en-us/*,2020-01-26 04:03:15,2020-01,2020
20200130002256,http://newsroom.tiktok.com:80/en-us/building-to-support-integrity,200,B6WDQIR6JUW2GK4F5RXTLL3X4UNTCFJI,63736,text/html,NEWS,Newsroom 全部,newsroom.tiktok.com/en-us/*,2020-01-30 00:22:56,2020-01,2020
20200220140913,https://newsroom.tiktok.com/en-us/family-safety-mode-and-screentime-management-in-feed,200,PTPVST2HB7MCTBWENCWZFBDRTP3HKASA,52901,text/html,NEWS,Newsroom 全部,newsroom.tiktok.com/en-us/*,2020-02-20 14:09:13,2020-02,2020
20200222090743,https://newsroom.tiktok.com/en-us/youre-in-control-video-series-stars-tiktok-creators-to-educate-users-about-safety-features,200,R5S6QHR4IJVE44DOW3AP4MPYKLWKTT5P,57124,text/html,NEWS,Newsroom 全部,newsroom.tiktok.com/en-us/*,2020-02-22 09:07:43,2020-02,2020
20200225044709,http://newsroom.tiktok.com:80/en-us/an-update-on-tiktoks-efforts-in-the-us,200,5UEPZBNPILGGK6X37N7WZCFNP5CGMNZV,59331,text/html,NEWS,Newsroom 全部,newsroom.tiktok.com/en-us/*,2020-02-25 04:47:09,2020-02,2020
20200312084738,https://newsroom.tiktok.com/en-us/tiktok-to-launch-transparency-center-for-moderation-and-data-practices,200,EUCJZZNMNQCYOI7SOEJLHQHTXUVBWQSW,63673,text/html,NEWS,Newsroom 全部,newsroom.tiktok.com/en-us/*,2020-03-12 08:47:38,2020-03,2020
20200312133139,https://newsroom.tiktok.com/en-us/tiktok-establishes-new-emea-trust-and-safety-hub-in-dublin,200,FS2Q36KQ72TZ6ERVRFFUOWDSBJRGDIWY,63986,text/html,NEWS,Newsroom 全部,newsroom.tiktok.com/en-us/*,2020-03-12 13:31:39,2020-03,2020
20200312133240,https://newsroom.tiktok.com/en-us/community-guidelines,200,5AI7GLBXJC63VYYBVNUOQ5WVK6AMFSLD,64113,text/html,NEWS,Newsroom 全部,newsroom.tiktok.com/en-us/*,2020-03-12 13:32:40,2020-03,2020
20200318135226,https://newsroom.tiktok.com/en-us/building-to-support-integrity,200,FU2IVUH2RS32QZSG4F6E7X6FOEAQMC3U,65792,text/html,NEWS,Newsroom 全部,newsroom.tiktok.com/en-us/*,2020-03-18 13:52:26,2020-03,2020
20200318135228,https://newsroom.tiktok.com/en-us/who-to-livestream-on-tiktok,200,EOKY7HVQ4GSMA23AY5IPLOWRSA34FFZZ,63569,text/html,NEWS,Newsroom 全部,newsroom.tiktok.com/en-us/*,2020-03-18 13:52:28,2020-03,2020
20200324131237,https://newsroom.tiktok.com/en-us/understanding-our-community-guidelines/,200,LPYGAJUMALSQL2EOMCCOUKCCAMMBLSBL,63453,text/html,NEWS,Newsroom 全部,newsroom.tiktok.com/en-us/*,2020-03-24 13:12:37,2020-03,2020
20200414190317,https://newsroom.tiktok.com/en-us/health-ministry-to-livestream-on-tiktok,200,4T5Y3UMZCH5UVIOM6NJG4V5JPJDU7EVC,64768,text/html,NEWS,Newsroom 全部,newsroom.tiktok.com/en-us/*,2020-04-14 19:03:17,2020-04,2020
20200415083704,https://newsroom.tiktok.com/en-us/duetti-e-reactions-su-tiktok-suggerimenti-per-la-safety,200,NGPKAL7VYGHDKPG3Z3IXUBVQTUB6OTT5,65440,text/html,NEWS,Newsroom 全部,newsroom.tiktok.com/en-us/*,2020-04-15 08:37:04,2020-04,2020
20200416162100,https://newsroom.tiktok.com/en-us/zuhausemittiktok-tiktok-prasentiert-livestreams-und-spannende-creator-innen-fur-daheim,200,BVH5KB2J6TBDGAJTFL25N6RWTPIB2YOG,64730,text/html,NEWS,Newsroom 全部,newsroom.tiktok.com/en-us/*,2020-04-16 16:21:00,2020-04,2020
20200422074418,https://newsroom.tiktok.com/en-us/a-casa-con-tiktok-al-via-le-live-streaming-con-artisti-e-creator-piu-popolari-della-piattaforma,200,WGNJSU2JJ7UY6X4N3FYEY3IHK6GVUMCK,66200,text/html,NEWS,Newsroom 全部,newsroom.tiktok.com/en-us/*,2020-04-22 07:44:18,2020-04,2020
20200427172156,https://newsroom.tiktok.com/en-us/tiktok-errichtet-trust-safety-hub-in-dublin,200,7VTIR5JUSAUPSLXTNA4BTGOYTO6QD47N,65545,text/html,NEWS,Newsroom 全部,newsroom.tiktok.com/en-us/*,2020-04-27 17:21:56,2020-04,2020
20200428103035,https://newsroom.tiktok.com/en-us/why-we-re-making-changes-to-direct-messaging,200,6HU3TZBC6DWDUWOEARCYRW66UYRFSDGP,67048,text/html,NEWS,Newsroom 全部,newsroom.tiktok.com/en-us/*,2020-04-28 10:30:35,2020-04,2020
20200428105509,https://newsroom.tiktok.com/en-us/making-changes-to-direct-messaging-france,200,7C2URGT7QPSSZHJ447FTEWXO4E2RE7E6,67555,text/html,NEWS,Newsroom 全部,newsroom.tiktok.com/en-us/*,2020-04-28 10:55:09,2020-04,2020
20200428125804,https://newsroom.tiktok.com/en-us/tiktok-supports-and-promotes-the-voluntary-principles-to-counter-online-child-exploitation,200,YB7AXFGUDWQQB4P4Y4263HRL74IYX563,64210,text/html,NEWS,Newsroom 全部,newsroom.tiktok.com/en-us/*,2020-04-28 12:58:04,2020-04,2020
20200527070125,https://newsroom.tiktok.com/en-us/tiktok-youth-portal-and-our-commitment-to-digital-literacy,200,IJUFXJNDASOBN532CCK4VPWVPJ3JAZ2G,63654,text/html,NEWS,Newsroom 全部,newsroom.tiktok.com/en-us/*,2020-05-27 07:01:25,2020-05,2020
20200528133407,https://newsroom.tiktok.com/en-us/an-update-on-tiktoks-efforts-in-the-us,200,TN5M2NOMPSSW7OKFTNLP67EUFZG66LVY,67074,text/html,NEWS,Newsroom 全部,newsroom.tiktok.com/en-us/*,2020-05-28 13:34:07,2020-05,2020
20200601135555,https://newsroom.tiktok.com/en-us/gordon-and-tilly-ramsay-take-to-tiktok-live-to-help-lockdown-feel-a-little-brighterinside,200,F3VY2LIH4WZB4QFG4JD6PRN5EX62H3J2,65911,text/html,NEWS,Newsroom 全部,newsroom.tiktok.com/en-us/*,2020-06-01 13:55:55,2020-06,2020
20200601232249,https://newsroom.tiktok.com/en-us/enjoy-natureathome-wildlife-live-on-tiktok,200,HTNDIEATM6BOYATOZ2VR3KM7SS7F5VXG,65933,text/html,NEWS,Newsroom 全部,newsroom.tiktok.com/en-us/*,2020-06-01 23:22:49,2020-06,2020
20200603212557,https://newsroom.tiktok.com/en-us/child-abuse-awareness-campaign,200,INFGNATQAGH2ZH436ZUVOH7XRPGKRHZR,63709,text/html,NEWS,Newsroom 全部,newsroom.tiktok.com/en-us/*,2020-06-03 21:25:57,2020-06,2020
20200605041808,https://newsroom.tiktok.com/en-us/prioritising-privacy-and-user-safety-on-tiktok-curbing-misinformation-together,200,TNZPNXHTSQWN7ZWLYWHRYRBRIVKODVVY,69112,text/html,NEWS,Newsroom 全部,newsroom.tiktok.com/en-us/*,2020-06-05 04:18:08,2020-06,2020
20200613053821,https://newsroom.tiktok.com/en-us/stayhomecharitylive,200,F6JHEKR3U3CLC3KCKWRG6XA5OWZUR65L,67770,text/html,NEWS,Newsroom 全部,newsroom.tiktok.com/en-us/*,2020-06-13 05:38:21,2020-06,2020
20200618090012,https://newsroom.tiktok.com/en-us/statement-on-tiktoks-content-moderation-and-data-security-practices%20,200,XDB23VZ6O3K7J2Z3QH33WV5LZXXEXQJ5,65529,text/html,NEWS,Newsroom 全部,newsroom.tiktok.com/en-us/*,2020-06-18 09:00:12,2020-06,2020
20200624053215,https://newsroom.tiktok.com/en-us/recognizing-juneteenth,200,V2YLF4ZWPYMZ57KB5Y6AHD2IQK4T3HYU,67285,text/html,NEWS,Newsroom 全部,newsroom.tiktok.com/en-us/*,2020-06-24 05:32:15,2020-06,2020
20200630224924,https://newsroom.tiktok.com/en-us/stay-at-home-cooking-live-streaming,200,QA5X4ZZXMKDME2ZFWYZK3WTOJBYDBBWJ,67441,text/html,NEWS,Newsroom 全部,newsroom.tiktok.com/en-us/*,2020-06-30 22:49:24,2020-06,2020
20200708020002,https://newsroom.tiktok.com/en-us/updates-on-our-security-roadmap,200,RNV7PLDPQBW25PRXNDHR4TUNGC3WL4Q6,71884,text/html,NEWS,Newsroom 全部,newsroom.tiktok.com/en-us/*,2020-07-08 02:00:02,2020-07,2020
20200712224715,https://newsroom.tiktok.com/en-us/our-h-2-2019-transparency-report,200,HAPRKD7YBN7ZNASJQMGBJQEGXG2TCULI,74356,text/html,NEWS,Newsroom 全部,newsroom.tiktok.com/en-us/*,2020-07-12 22:47:15,2020-07,2020
20200715085314,https://newsroom.tiktok.com/en-us/un-rural-poverty-agency-launches-dance-challenge-on-tiktok-to-empower-rural-youth-to-fight-rising-hunger/,200,J35NHAWSNP5O6NWCFAV2TDR7IM4R7EZU,71221,text/html,NEWS,Newsroom 全部,newsroom.tiktok.com/en-us/*,2020-07-15 08:53:14,2020-07,2020
20200729121518,https://newsroom.tiktok.com/en-us/fair-competition-and-transparency-benefits-us-all,200,MZ2KJ6UFK4YUEZAQ3JE34QS4RIYC6RXG,75537,text/html,NEWS,Newsroom 全部,newsroom.tiktok.com/en-us/*,2020-07-29 12:15:18,2020-07,2020
20200731073731,https://newsroom.tiktok.com/en-us/tiktok-live,200,SLYKTJPXUN5UZ7POQBK2FPIT6JD6T5RI,75032,text/html,NEWS,Newsroom 全部,newsroom.tiktok.com/en-us/*,2020-07-31 07:37:31,2020-07,2020
20200802071708,https://newsroom.tiktok.com/en-us/the-weeknd-experience-on-tiktok-live,200,FCKYLLMQEZXDY3YAUYKBBUTUU474I47U,74130,text/html,NEWS,Newsroom 全部,newsroom.tiktok.com/en-us/*,2020-08-02 07:17:08,2020-08,2020
20200812084557,https://newsroom.tiktok.com/en-us/american-music-awards-announce-nominees-on-tiktok,200,YGHTV3QGNPIFHRQXVH66L64SSH7EIKEH,70991,text/html,NEWS,Newsroom 全部,newsroom.tiktok.com/en-us/*,2020-08-12 08:45:57,2020-08,2020
20200812093528,https://newsroom.tiktok.com/en-us/family-online-safety-institute-welcomes-tiktok,200,OD3YHEN7CAX4VANGEFFBCXDTM5HUKUOC,72842,text/html,NEWS,Newsroom 全部,newsroom.tiktok.com/en-us/*,2020-08-12 09:35:28,2020-08,2020
20200812093959,https://newsroom.tiktok.com/en-us/newsroom/tag/safety,200,5TS6Y25ZRSAAEAJTTWGYHZQZZX5YR2SV,62685,text/html,NEWS,Newsroom 全部,newsroom.tiktok.com/en-us/*,2020-08-12 09:39:59,2020-08,2020
20200812094800,https://newsroom.tiktok.com/en-us/newsroom/nfl-and-tiktok-announce-multi-year-partnership-to-bring-nfl-content-to-fans-around-the-world,200,ZO5HF4MZ5NR2I6NQBOATSFGBN2DDQDKC,73606,text/html,NEWS,Newsroom 全部,newsroom.tiktok.com/en-us/*,2020-08-12 09:48:00,2020-08,2020
20200812101118,https://newsroom.tiktok.com/en-us/february-is-internet-safety-month-at-tiktok,200,OIUVWRBSYGCQ44KVJQHRVZ7BRCI7AFIO,74012,text/html,NEWS,Newsroom 全部,newsroom.tiktok.com/en-us/*,2020-08-12 10:11:18,2020-08,2020
20200812211721,https://newsroom.tiktok.com/en-us/the-weeknd-experience-an-innovative-tiktok-live-stream-draws-over-2-million-unique-viewers,200,GCDBQ44FNPY242KG5Y2EYKZH2UTHGFUD,74848,text/html,NEWS,Newsroom 全部,newsroom.tiktok.com/en-us/*,2020-08-12 21:17:21,2020-08,2020
20200815013920,https://newsroom.tiktok.com/en-us/nfl-and-tiktok-announce-multi-year-partnership-to-bring-nfl-content-to-fans-around-the-world/,200,MW4NIZE65C4PVYF2WK7K4XRNKQOE6UHO,73638,text/html,NEWS,Newsroom 全部,newsroom.tiktok.com/en-us/*,2020-08-15 01:39:20,2020-08,2020
20200820170231,https://newsroom.tiktok.com/en-us/tiktok-announces-deal-with-unitedmasters-the-first-distributor-to-be-fully-integrated-into-the-tiktok-platform,200,T5NZBJTEYYPNTU4QC4JBCBBY3TKY4OYI,74881,text/html,NEWS,Newsroom 全部,newsroom.tiktok.com/en-us/*,2020-08-20 17:02:31,2020-08,2020
20200830222040,https://newsroom.tiktok.com/en-us/tiktok-jaden-smith-join-forces-to-celebrate-the-release-of-ctv-3-cool-tape-vol-3-with-exclusive-new-co-branded-merch-collection-and-global-live-stream,200,IU2QS2G3QHNOTN3L2YBKSZUG26YQEF6I,74780,text/html,NEWS,Newsroom 全部,newsroom.tiktok.com/en-us/*,2020-08-30 22:20:40,2020-08,2020
20200903082206,https://newsroom.tiktok.com/en-us/da-oggi-il-fondo-tiktok-per-creator-e-live-in-tutta-europa-scopri-come-partecipare,200,KSDO35CJHNJ2J37H7UTMME4LHVUQG4ZG,76028,text/html,NEWS,Newsroom 全部,newsroom.tiktok.com/en-us/*,2020-09-03 08:22:06,2020-09,2020
20200906041836,https://newsroom.tiktok.com/en-us/an-update-on-our-efforts-in-india,200,MVQOECAE6VRWERK45BK5V2LIAQ3CVEMK,72687,text/html,NEWS,Newsroom 全部,newsroom.tiktok.com/en-us/*,2020-09-06 04:18:36,2020-09,2020
20200906223651,https://newsroom.tiktok.com/en-us/the-tiktok-creator-fund-is-now-live-across-europe-and-here-is-how-to-apply,200,PC32KOY2AK2CK2C4WYRMJK2OTE6PSVML,78055,text/html,NEWS,Newsroom 全部,newsroom.tiktok.com/en-us/*,2020-09-06 22:36:51,2020-09,2020
20200906225619,https://newsroom.tiktok.com/en-us/liam-payne-goes-live-on-tiktok-for-his-birthday,200,WJKNIDFGNO4FQFQYGDTZ526FTRGDXARG,73287,text/html,NEWS,Newsroom 全部,newsroom.tiktok.com/en-us/*,2020-09-06 22:56:19,2020-09,2020
20200910203714,https://newsroom.tiktok.com/en-us/an-update-on-our-virtual-transparency-and-accountability-center-experience,200,PA2KP5ZMSP2QWF6PGS7CY72AKHPSM5HB,76345,text/html,NEWS,Newsroom 全部,newsroom.tiktok.com/en-us/*,2020-09-10 20:37:14,2020-09,2020
20200913192934,https://newsroom.tiktok.com/en-us/creator-fund-update,200,TNS5YW5GXYNDGS5YYBNRQRLQK66YGPEB,76417,text/html,NEWS,Newsroom 全部,newsroom.tiktok.com/en-us/*,2020-09-13 19:29:34,2020-09,2020
20200915161245,https://newsroom.tiktok.com/en-us/tiktok-joins-weprotect-global-alliance-to-combat-online-child-sexual-exploitation-and-abuse,200,P5GNA2W6UX73IOXDYVEPDI56UIAILOHO,74926,text/html,NEWS,Newsroom 全部,newsroom.tiktok.com/en-us/*,2020-09-15 16:12:45,2020-09,2020
20200918175341,https://newsroom.tiktok.com/en-us/tiktok-entertains-with-happyathome-live,200,W5IUD3XDLMFL7VKRKMMDZ33EPV62J637,83271,text/html,NEWS,Newsroom 全部,newsroom.tiktok.com/en-us/*,2020-09-18 17:53:41,2020-09,2020
20200920093120,https://newsroom.tiktok.com/en-us/an-update-for-our-tiktok-family,200,2LCI4V4742376XZ5YXNPMZNZKZMD7C63,76115,text/html,NEWS,Newsroom 全部,newsroom.tiktok.com/en-us/*,2020-09-20 09:31:20,2020-09,2020
20200920161701,https://newsroom.tiktok.com/en-us/updates-we-are-making-to-our-terms-of-service-and-privacy-policy,200,DOIHVTPCHQQXRDZO3XCT7MPKHHUNT6LF,74548,text/html,NEWS,Newsroom 全部,newsroom.tiktok.com/en-us/*,2020-09-20 16:17:01,2020-09,2020
20200920183119,https://newsroom.tiktok.com/en-us/tiktok-the-fader-launch-imwiththeband,200,5V3YA5UHXM477NPQ6ORBGBRR54JY7NEV,72457,text/html,NEWS,Newsroom 全部,newsroom.tiktok.com/en-us/*,2020-09-20 18:31:19,2020-09,2020
20200923041706,https://newsroom.tiktok.com/en-us/our-h-1-2020-transparency-report,200,W36K6OX6ILSMJSKQ7JR3FRKMMRFRN2YX,77765,text/html,NEWS,Newsroom 全部,newsroom.tiktok.com/en-us/*,2020-09-23 04:17:06,2020-09,2020
20200928202958,https://newsroom.tiktok.com/en-us/the-first-annual-kerwin-frost-telethon-supershow-goes-live-this-sunday,200,M3A2UP7M227ZTL4WX6UOSITELAB2M4JT,75498,text/html,NEWS,Newsroom 全部,newsroom.tiktok.com/en-us/*,2020-09-28 20:29:58,2020-09,2020
20201018205303,https://newsroom.tiktok.com/en-us/tiktok-and-openslate-partner-to-bring-tiktok-brand-safety-solution-to-advertisers,200,CWPX5GPZEH7E2BXIYPU7KQ3OZGI2WWBK,79097,text/html,NEWS,Newsroom 全部,newsroom.tiktok.com/en-us/*,2020-10-18 20:53:03,2020-10,2020
20201029174602,https://newsroom.tiktok.com/en-us/increasing-transparency-into-our-elections-integrity-efforts,200,GN2QCZQJZRUOI32UAACNUQM2HD6T2URZ,77313,text/html,NEWS,Newsroom 全部,newsroom.tiktok.com/en-us/*,2020-10-29 17:46:02,2020-10,2020
20201031184513,https://newsroom.tiktok.com/en-us/mypride-celebrating-authenticity-and-inclusivity?nrcat=social-updates,200,KZ7B6TJUWTYRXK3XECZAPLSZFM4ZAQL4,86171,text/html,NEWS,Newsroom 全部,newsroom.tiktok.com/en-us/*,2020-10-31 18:45:13,2020-10,2020
20201101111243,https://newsroom.tiktok.com/en-us/the-mda-kevin-hart-kids-telethon-streams-live-on-tiktok,200,NTYRZOUK6SWINGFS2VEN5UEMFPTLZPKN,81888,text/html,NEWS,Newsroom 全部,newsroom.tiktok.com/en-us/*,2020-11-01 11:12:43,2020-11,2020
20201102154214,https://newsroom.tiktok.com/en-us/tiktok-announces-agreement-with-sony-music-entertainment,200,CYT7W3CPUXSRZT5YXHWGVHBYOJVP3LLR,77620,text/html,NEWS,Newsroom 全部,newsroom.tiktok.com/en-us/*,2020-11-02 15:42:14,2020-11,2020
20201103144221,https://newsroom.tiktok.com/en-us/tiktok-and-postmates-deliver-tiktok-treats,200,VGYSIQTM7Q2SWFKKQPLWF2SCSSK5XJFN,81569,text/html,NEWS,Newsroom 全部,newsroom.tiktok.com/en-us/*,2020-11-03 14:42:21,2020-11,2020
20201117154552,https://newsroom.tiktok.com/en-us/supporting-youth-and-families-on-tiktok,200,PO7UDRUEB7VVDVIJKVPK67YLK3TZB4BR,82460,text/html,NEWS,Newsroom 全部,newsroom.tiktok.com/en-us/*,2020-11-17 15:45:52,2020-11,2020
20201215131004,https://newsroom.tiktok.com/en-us/refreshing-our-policies-to-support-community-well-being,200,77XF6DFNGVAJUM2TQHP35R7JVAZER2G7,76444,text/html,NEWS,Newsroom 全部,newsroom.tiktok.com/en-us/*,2020-12-15 13:10:04,2020-12,2020
20201221221131,https://newsroom.tiktok.com/en-us/safety,200,OTVNIPWPBBAYB3ANP4BJQD27WHHXU62L,72856,text/html,NEWS,Newsroom 全部,newsroom.tiktok.com/en-us/*,2020-12-21 22:11:31,2020-12,2020
20201229140107,https://newsroom.tiktok.com/en-us/year-on-tiktok-trust-and-safety-2020,200,DWAG5R6FF4POFJVSFGAUGSS65O5B55LF,77264,text/html,NEWS,Newsroom 全部,newsroom.tiktok.com/en-us/*,2020-12-29 14:01:07,2020-12,2020
20210113103212,https://newsroom.tiktok.com/en-us/strengthening-privacy-and-safety-for-youth,200,2ZEVSMPQVJIUTEKPPH4JHCXIMFCJUM7M,76954,text/html,NEWS,Newsroom 全部,newsroom.tiktok.com/en-us/*,2021-01-13 10:32:12,2021-01,2021
20210113144123,https://newsroom.tiktok.com/en-us/strengthening-privacy-and-safety-for-youth%20,200,CVRVANJZIQTEOTLTBNRLN47AJSMVKOKO,88642,text/html,NEWS,Newsroom 全部,newsroom.tiktok.com/en-us/*,2021-01-13 14:41:23,2021-01,2021
20210113220711,https://newsroom.tiktok.com/en-us/strengthening-privacy-and-safety-for-youth&quot,200,HESPHRNZCCVLX5W5SJBP6XAIV3LRNYYI,63665,text/html,NEWS,Newsroom 全部,newsroom.tiktok.com/en-us/*,2021-01-13 22:07:11,2021-01,2021
20210118051401,https://newsroom.tiktok.com/en-us/miley-cyrus-goes-live-with-tiktoks-watermarked-series,200,G3HH4C4WEJX7EGRIYPAMJI5ZOJMFNRPI,88598,text/html,NEWS,Newsroom 全部,newsroom.tiktok.com/en-us/*,2021-01-18 05:14:01,2021-01,2021
20210123170019,http://newsroom.tiktok.com/en-us/strengthening-privacy-and-safety-for-youth,200,IHRWKJWKMI6XADHUNVAIKIGKSTVCEIHH,76751,text/html,NEWS,Newsroom 全部,newsroom.tiktok.com/en-us/*,2021-01-23 17:00:19,2021-01,2021
20210208170956,https://newsroom.tiktok.com/en-us/tiktok-and-universal-music-group-announce-expanded-global-alliance,200,IUOYGLCCGWJGZYA4OPUMWKFTLFNQ3CIU,74972,text/html,NEWS,Newsroom 全部,newsroom.tiktok.com/en-us/*,2021-02-08 17:09:56,2021-02,2021
20210210171506,https://newsroom.tiktok.com/en-us/a-valentines-day-gift-from-justin-bieber-and-tiktok-journalslive,200,45Y3WHP3JRRF2J4RIXTU3KDI5JRKHQRA,75959,text/html,NEWS,Newsroom 全部,newsroom.tiktok.com/en-us/*,2021-02-10 17:15:06,2021-02,2021
20210218151112,https://newsroom.tiktok.com/en-us/ufc-and-tiktok-go-live-with-multi-year-partnership,200,G4PIUHMCP6J345XKRJKUUI43ERUQH6QC,75512,text/html,NEWS,Newsroom 全部,newsroom.tiktok.com/en-us/*,2021-02-18 15:11:12,2021-02,2021
20210224132405,https://newsroom.tiktok.com/en-us/tiktoks-h-2-2020-transparency-report,200,SHHGLPQQMI3F5MYRFO42D7OTMCTQC2OD,90927,text/html,NEWS,Newsroom 全部,newsroom.tiktok.com/en-us/*,2021-02-24 13:24:05,2021-02,2021
20210318170232,https://newsroom.tiktok.com/en-us/watch-madison-beers-immersive-reality-concert-live-on-tiktok,200,XRXYEPWNSDNOCPX6P424FKAINOKHR3MO,82832,text/html,NEWS,Newsroom 全部,newsroom.tiktok.com/en-us/*,2021-03-18 17:02:32,2021-03,2021
20210330160651,https://newsroom.tiktok.com/en-us/24-kgoldn-performs-songs-from-new-album-el-dorado-exclusively-live-on-tiktok,200,HX53NPSM72F5KN7G7FCVEHJ2N7M66MGU,115344,text/html,NEWS,Newsroom 全部,newsroom.tiktok.com/en-us/*,2021-03-30 16:06:51,2021-03,2021
20210331063632,https://newsroom.tiktok.com/en-us/get-inside-the-mind-of-demi-lovato-live-on-tiktoks-headstream,200,2754PTRWHSGJWQJQCT6MUTHTADX7RVNI,118388,text/html,NEWS,Newsroom 全部,newsroom.tiktok.com/en-us/*,2021-03-31 06:36:32,2021-03,2021
20210507191110,https://newsroom.tiktok.com/en-us/get-inside-the-mind-of-aly-and-aj-live-on-tiktoks-headstream,200,PVVGVLV3KALHDBJ5EBEJ3LGQWF6VHPAH,91499,text/html,NEWS,Newsroom 全部,newsroom.tiktok.com/en-us/*,2021-05-07 19:11:10,2021-05,2021
20210517153203,https://newsroom.tiktok.com/en-us/museummoment-tiktok-hosts-its-first-ever-global-live-museum-marathon,200,A7ZD3AOMXNEBFNYI7Q66AZKEBLUE3LB2,92528,text/html,NEWS,Newsroom 全部,newsroom.tiktok.com/en-us/*,2021-05-17 15:32:03,2021-05,2021
20210518190509,https://newsroom.tiktok.com/en-us/tiktok-partners-with-the-trust-and-safety-professional-association,200,5SRZWIJOQMRJW3SCRNSU75DHROWI2B7E,91056,text/html,NEWS,Newsroom 全部,newsroom.tiktok.com/en-us/*,2021-05-18 19:05:09,2021-05,2021
20210522002207,https://newsroom.tiktok.com/en-us/get-inside-the-mind-of-blake-shelton-live-on-tiktoks-headstream,200,5ICKXXWHEIIP4FPW6UVZOMWEJJLIN5Y5,91800,text/html,NEWS,Newsroom 全部,newsroom.tiktok.com/en-us/*,2021-05-22 00:22:07,2021-05,2021
20210527201320,https://newsroom.tiktok.com/en-us/tune-into-tiktoks-asian-american-and-pacific-islander-heritage-month-live-finale,200,HUTXZJI7CS4YFIHXBM5W4ZN62MMLXB4X,94844,text/html,NEWS,Newsroom 全部,newsroom.tiktok.com/en-us/*,2021-05-27 20:13:20,2021-05,2021
20210528191816,https://newsroom.tiktok.com/en-us/raise-your-glass-and-watch-pink-join-headstream-live-on-may-28th,200,K4MG53XTLCHH63PBS45CQJMWIFWSHKJ4,93160,text/html,NEWS,Newsroom 全部,newsroom.tiktok.com/en-us/*,2021-05-28 19:18:16,2021-05,2021
20210616145404,https://newsroom.tiktok.com/en-us/an-update-on-the-steps-were-taking-to-protect-wildlife-online,200,3GH3GXUZI6VRDO4CF4NBUTFZAKKBHBZ5,95621,text/html,NEWS,Newsroom 全部,newsroom.tiktok.com/en-us/*,2021-06-16 14:54:04,2021-06,2021
20210617180639,https://newsroom.tiktok.com/en-us/juneteenth-black-talent-highlights,200,WACQK5HYB6LCWARKKIEPGKO7Z5X5ZZ5E,103065,text/html,NEWS,Newsroom 全部,newsroom.tiktok.com/en-us/*,2021-06-17 18:06:39,2021-06,2021
20210630142227,https://newsroom.tiktok.com/en-us/tiktoks-q-1-2021-community-guidelines-enforcement-report,200,LNF75SCYFKDQJZMVBNNOBRPVRD3LYDN6,94473,text/html,NEWS,Newsroom 全部,newsroom.tiktok.com/en-us/*,2021-06-30 14:22:27,2021-06,2021
20210701141417,https://newsroom.tiktok.com/en-us/promoting-online-safety-for-women,200,PYVO7NZKOUBCAAOSFGIWL6CPHY2W5QWY,93680,text/html,NEWS,Newsroom 全部,newsroom.tiktok.com/en-us/*,2021-07-01 14:14:17,2021-07,2021
20210709131923,https://newsroom.tiktok.com/en-us/advancing-our-approach-to-user-safety,200,Y26QNCU3S3HM7RPKF7HN5QMNQ44ZCPGZ,120334,text/html,NEWS,Newsroom 全部,newsroom.tiktok.com/en-us/*,2021-07-09 13:19:23,2021-07,2021
20210717015934,https://newsroom.tiktok.com/en-us/get-inside-the-mind-of-dillon-francis-live-on-tiktoks-headstream,200,IZSQXHL4QS64FLSJ452RZNSFAPZ5IAOF,117353,text/html,NEWS,Newsroom 全部,newsroom.tiktok.com/en-us/*,2021-07-17 01:59:34,2021-07,2021
20210727132429,https://newsroom.tiktok.com/en-us/tiktok-live-features-2021,200,4SAEEY2EHYEKCPPJW6OBWL5BUVNRL5SD,96694,text/html,NEWS,Newsroom 全部,newsroom.tiktok.com/en-us/*,2021-07-27 13:24:29,2021-07,2021
20210812122213,https://newsroom.tiktok.com/en-us/furthering-our-safety-and-privacy-commitments-for-teens-on-tiktok-us,200,EOIHKAMBP4MJ5YTBVA6I4SEBXXIIACLA,100011,text/html,NEWS,Newsroom 全部,newsroom.tiktok.com/en-us/*,2021-08-12 12:22:13,2021-08,2021
20210901152155,https://newsroom.tiktok.com/en-us/new-family-pairing-resources-offer-digital-safety-advice-from-teens,200,2MDSKK5O2E7ZTUWNM6DIY7US5READWJZ,103266,text/html,NEWS,Newsroom 全部,newsroom.tiktok.com/en-us/*,2021-09-01 15:21:55,2021-09,2021
20210901191807,https://newsroom.tiktok.com/en-us/watch-j-balvin-perform-live-on-tiktok-on-912,200,YG7SUI3PT6HGGHMAJ6TX6GRMIRBTWMOJ,102888,text/html,NEWS,Newsroom 全部,newsroom.tiktok.com/en-us/*,2021-09-01 19:18:07,2021-09,2021
20210909033515,https://newsroom.tiktok.com/en-us/tiktok-and-mtv-announce-trending-vmas-award-celebration,200,35AXJA25VXOSEH2WCB4JDNF73NKIYHOP,139303,text/html,NEWS,Newsroom 全部,newsroom.tiktok.com/en-us/*,2021-09-09 03:35:15,2021-09,2021
20210930170628,https://newsroom.tiktok.com/en-us/tiktok-launches-first-creator-led-nft-collection-powered-by-immutable-x?utm_campaign=IMX-TikTok-Announcement-Wave1&utm_medium=email&utm_source=autopilot,200,MS4NBPQ6TVZSZLWNSYGQ5SCQAG737D7T,106093,text/html,NEWS,Newsroom 全部,newsroom.tiktok.com/en-us/*,2021-09-30 17:06:28,2021-09,2021
20211006180309,https://newsroom.tiktok.com/en-us/unbelievable-partners-with-tiktok-and-macro-to-announce-150-latinx-creators-in-inaugural-tiktok-latinx-creatives-program,200,QQB3LHYHOVYNJXMAW7ETCATJ7XYZMF7W,105387,text/html,NEWS,Newsroom 全部,newsroom.tiktok.com/en-us/*,2021-10-06 18:03:09,2021-10,2021
20211013164123,https://newsroom.tiktok.com/en-us/our-continued-fight-against-hate-and-harassment?platform=twitter&attr_source=social&channel=social-organic-post-enforcement-44480&attr_source=social&attr_medium=organic-post&attr_campaign=social-organic-post-enforcement-44480&attr_agency=gbmhq,200,FLFSXQYGM5LPTEGXQDS4BZC4IXFCLAXP,106018,text/html,NEWS,Newsroom 全部,newsroom.tiktok.com/en-us/*,2021-10-13 16:41:23,2021-10,2021
20211019173837,https://newsroom.tiktok.com/en-us/new-family-pairing-resources-offer-digital-safety-advice-from-teens%20,200,PSF5TTRTKZ5N3EXYZTHISBOT73MP2XIN,106634,text/html,NEWS,Newsroom 全部,newsroom.tiktok.com/en-us/*,2021-10-19 17:38:37,2021-10,2021
20211118180247,https://newsroom.tiktok.com/en-us/gaming-goes-live-on-tiktok,200,F2GSXEMU35S6TWM7MWUWYB5G523JHILS,106077,text/html,NEWS,Newsroom 全部,newsroom.tiktok.com/en-us/*,2021-11-18 18:02:47,2021-11,2021
20211202143730,https://newsroom.tiktok.com/en-us/tiktoks-transparency-reports-and-transparency-center,200,23KA5CAA3XH7WSKY3GOPCWHV5TYHKDP3,106745,text/html,NEWS,Newsroom 全部,newsroom.tiktok.com/en-us/*,2021-12-02 14:37:30,2021-12,2021
20211216131023,https://newsroom.tiktok.com/en-us/an-update-on-our-work-to-safeguard-and-diversify-recommendations,200,ZNEBM3PN47Y7VL376LGBLK44VRUTSKWH,108617,text/html,NEWS,Newsroom 全部,newsroom.tiktok.com/en-us/*,2021-12-16 13:10:23,2021-12,2021
20220208101015,https://newsroom.tiktok.com/en-us/strengthening-our-policies-to-promote-safety-security-and-wellbeing-on-tiktok,200,KOPQPYK5MLPWZ5GNAO43MZC4JFC2PVA6,114644,text/html,NEWS,Newsroom 全部,newsroom.tiktok.com/en-us/*,2022-02-08 10:10:15,2022-02,2022
20220306211427,https://newsroom.tiktok.com/en-us/rosalia-announces-one-of-a-kind-tiktok-live-performance-airing-march-17th,200,CHK4NKNTR6MWHMJ3CPFDP55CKKEODOIQ,154496,text/html,NEWS,Newsroom 全部,newsroom.tiktok.com/en-us/*,2022-03-06 21:14:27,2022-03,2022
20220325202525,https://newsroom.tiktok.com/en-us/creator-spotlight-series-live-from-the-2022-oscars,200,LH3G6E4D2XKY3YDVBGQZNUI3MEVMOUKC,124388,text/html,NEWS,Newsroom 全部,newsroom.tiktok.com/en-us/*,2022-03-25 20:25:25,2022-03,2022
20220413133100,https://newsroom.tiktok.com/en-us/new-ways-to-foster-kindness-and-safety-on-tiktok?utm_source=COMMSTWITTER&utm_medium=SOCIAL&utm_campaign=20220413,200,ZEYJOG6MO77DV5DYSJ2CDBBUJCEDBQAH,122573,text/html,NEWS,Newsroom 全部,newsroom.tiktok.com/en-us/*,2022-04-13 13:31:00,2022-04,2022
20220523201159,https://newsroom.tiktok.com/en-us/live-subscription-invite-only,200,GLZDPMECJ3MTWHPHGHK6RCR7YRKYJFDT,156032,text/html,NEWS,Newsroom 全部,newsroom.tiktok.com/en-us/*,2022-05-23 20:11:59,2022-05,2022
20220524142154,https://newsroom.tiktok.com/en-us/becybersmart-tiktok-summertime-safety-tips?utm_source=COMMSTWITTER&utm_medium=SOCIAL&utm_campaign=20220524,200,EGVQTG3ZJJCYB4VHNJP5Y5L5MZLS74GK,126022,text/html,NEWS,Newsroom 全部,newsroom.tiktok.com/en-us/*,2022-05-24 14:21:54,2022-05,2022
20220617155011,https://newsroom.tiktok.com/en-us/delivering-on-our-us-data-governance,200,PPXW45KIR3C5E25IXEFI7YSZ4VY7W75S,160887,text/html,NEWS,Newsroom 全部,newsroom.tiktok.com/en-us/*,2022-06-17 15:50:11,2022-06,2022
20220621000342,https://newsroom.tiktok.com/en-us/a-celebration-of-juneteenth-and-blacktiktok,200,3HNV45K2JBMSPMFTDASL3BEGL5V4PIQF,161286,text/html,NEWS,Newsroom 全部,newsroom.tiktok.com/en-us/*,2022-06-21 00:03:42,2022-06,2022
20220630131808,https://newsroom.tiktok.com/en-us/tiktoks-q-1-2022-community-guidelines-enforcement-report,200,5SHXHQYEUU6NRJ3AZN62DZRPUMDXLEHH,127202,text/html,NEWS,Newsroom 全部,newsroom.tiktok.com/en-us/*,2022-06-30 13:18:08,2022-06,2022
20220715155244,https://newsroom.tiktok.com/en-us/an-organizational-update,200,E2VQIK6S5YTNOTLIVEQFARAPYD4J5KG4,131326,text/html,NEWS,Newsroom 全部,newsroom.tiktok.com/en-us/*,2022-07-15 15:52:44,2022-07,2022
20220727140324,https://newsroom.tiktok.com/en-us/strengthening-our-commitment-to-transparency,200,JFIUSWFF4QV5DRF6DL42A6AQWBZLS3XI,130670,text/html,NEWS,Newsroom 全部,newsroom.tiktok.com/en-us/*,2022-07-27 14:03:24,2022-07,2022
20220817100712,https://newsroom.tiktok.com/en-us/our-commitment-to-election-integrity,200,CQT4SP3B2BYOAI3YGA5IGCDZJVCAL6W5,133639,text/html,NEWS,Newsroom 全部,newsroom.tiktok.com/en-us/*,2022-08-17 10:07:12,2022-08,2022
20220921120223,https://newsroom.tiktok.com/en-us/updating-our-policies-for-political-accounts,200,WZWHKDOZHZKQOMRYVMTEYH6IH7NTNQWE,136883,text/html,NEWS,Newsroom 全部,newsroom.tiktok.com/en-us/*,2022-09-21 12:02:23,2022-09,2022
20220928110457,https://newsroom.tiktok.com/en-us/an-update-on-our-work-to-counter-misinformation,200,2YAQ22AWMBVNPRCGPXCG7QQQ2AW7HFFG,138369,text/html,NEWS,Newsroom 全部,newsroom.tiktok.com/en-us/*,2022-09-28 11:04:57,2022-09,2022
20221017140855,https://newsroom.tiktok.com/en-us/enhancing-the-live-community-experience,200,KJMZWZUDRIBAUXOTXTNXCCVRGXMA6TA5,141471,text/html,NEWS,Newsroom 全部,newsroom.tiktok.com/en-us/*,2022-10-17 14:08:55,2022-10,2022
20221025015158,http://newsroom.tiktok.com/en-us/enhancing-the-live-community-experience,200,NUSVXRRTYV7VB44BXOJERJTJDMALDIZE,178850,text/html,NEWS,Newsroom 全部,newsroom.tiktok.com/en-us/*,2022-10-25 01:51:58,2022-10,2022
20221115122601,https://newsroom.tiktok.com/en-us/helping-families-to-have-digital-safety-conversations,200,LLL6IKED4VKPL4ICTWYAGFMQNQA7CQSK,146400,text/html,NEWS,Newsroom 全部,newsroom.tiktok.com/en-us/*,2022-11-15 12:26:01,2022-11,2022
20221117111855,https://newsroom.tiktok.com/en-us/an-update-on-our-platform-api-for-researchers,200,JYPDV5VCDZT2TLSDFWED7DFQVPCU6QU2,142109,text/html,NEWS,Newsroom 全部,newsroom.tiktok.com/en-us/*,2022-11-17 11:18:55,2022-11,2022
20221213050616,https://newsroom.tiktok.com/en-us/jaden-smith-to-host-special-stemdrop-tiktok-live-on-december-12-th-n,200,5ZGRSR6V2Q7QWBHSK77HRMZIPP6RASXU,185734,text/html,NEWS,Newsroom 全部,newsroom.tiktok.com/en-us/*,2022-12-13 05:06:16,2022-12,2022
20221215150557,https://newsroom.tiktok.com/en-us/understanding-our-policies-around-paid-ads&quot,200,AAFW2DWGTN6TOVFRN2KZDK5F7ZTXQBKZ,161891,text/html,NEWS,Newsroom 全部,newsroom.tiktok.com/en-us/*,2022-12-15 15:05:57,2022-12,2022
20221230175232,https://newsroom.tiktok.com/en-us/strengthening-enforcement-of-sexually-suggestive-content,200,H2FG4RHVZ27F2HVGKKVZG5FDPQPEFJMQ,185204,text/html,NEWS,Newsroom 全部,newsroom.tiktok.com/en-us/*,2022-12-30 17:52:32,2022-12,2022
20230104143923,http://newsroom.tiktok.com/en-us/an-update-on-tiktoks-efforts-in-the-us,200,QZB5JT42UUHI2QBZHFTF4MWHNUJ36A6D,187882,text/html,NEWS,Newsroom 全部,newsroom.tiktok.com/en-us/*,2023-01-04 14:39:23,2023-01,2023
20230104191850,https://newsroom.tiktok.com/en-us/calvin-harris-to-perform-special-immersive-concert-experience-on-tiktok-live-us,200,XUBH7KZWZLBTSGQWXROESSLYTUOFI65Y,146494,text/html,NEWS,Newsroom 全部,newsroom.tiktok.com/en-us/*,2023-01-04 19:18:50,2023-01,2023
20230118110637,https://newsroom.tiktok.com/en-us/tiktoks-state-affiliated-media-policy,200,OYY6XHNGT3UQKEJ2XU26KHFYAPXYEHJM,147656,text/html,NEWS,Newsroom 全部,newsroom.tiktok.com/en-us/*,2023-01-18 11:06:37,2023-01,2023
20230202140551,https://newsroom.tiktok.com/en-us/supporting-creators-with-an-updated-account-enforcement-system,200,TLDZASFELOYMM4ULCRABMHHPZXBF4Z44,148930,text/html,NEWS,Newsroom 全部,newsroom.tiktok.com/en-us/*,2023-02-02 14:05:51,2023-02,2023
20230301120701,https://newsroom.tiktok.com/en-us/new-features-for-teens-and-families-on-tiktok-us,200,MV3VO4RH6YSQWTLC5ZJDLQKS4WV5HAI7,187910,text/html,NEWS,Newsroom 全部,newsroom.tiktok.com/en-us/*,2023-03-01 12:07:01,2023-03,2023
20230308175522,https://newsroom.tiktok.com/en-us/celebrating-womenoftiktok-women-who-will-inspire-positive-and-meaningful-change-us,200,YWPCNCVNEXJRXLCXQS7KEVITUL473UYV,194351,text/html,NEWS,Newsroom 全部,newsroom.tiktok.com/en-us/*,2023-03-08 17:55:22,2023-03,2023
20230311000442,http://newsroom.tiktok.com/en-us/new-family-pairing-resources-offer-digital-safety-advice-from-teens,200,RWWLWDJOKKGXAB4V5OOS47VZSKHO7CVP,151513,text/html,NEWS,Newsroom 全部,newsroom.tiktok.com/en-us/*,2023-03-11 00:04:42,2023-03,2023
20230313135810,http://newsroom.tiktok.com/en-us/creator-fund-update,200,CPTCA4RC64KHM6J6KSEA43RXJRZIRYGD,151442,text/html,NEWS,Newsroom 全部,newsroom.tiktok.com/en-us/*,2023-03-13 13:58:10,2023-03,2023
20230314132629,https://newsroom.tiktok.com/en-us/stop-montana-ban,200,SP3QVPA2DJ7ZQMR4QEFIFMSHTNYSSJZE,149992,text/html,NEWS,Newsroom 全部,newsroom.tiktok.com/en-us/*,2023-03-14 13:26:29,2023-03,2023
20230321142136,https://newsroom.tiktok.com/en-us/community-guidelines-update,200,AKNXT2KVMCSHJMTCS4ZZK6T23HCZYJLU,187685,text/html,NEWS,Newsroom 全部,newsroom.tiktok.com/en-us/*,2023-03-21 14:21:36,2023-03,2023
20230329100805,https://newsroom.tiktok.com/en-us/delivering-on-our-us-data-governance&quot,200,R67SEPV2VMHGF55UD74FQ4TRUFM5LCID,173160,text/html,NEWS,Newsroom 全部,newsroom.tiktok.com/en-us/*,2023-03-29 10:08:05,2023-03,2023
20230331001021,https://newsroom.tiktok.com/en-us/take-discovery-to-a-new-level-with-stem-feed?attr_source=Twitter&attr_medium=organic-post&campaign_name=STEMfeed-NewsOrAnnouncement-gbmhq-20220320-text-TrustedSafe,200,7CDFNKIU4Y2XD2EFPRS4QTQLSSNV5LQA,156228,text/html,NEWS,Newsroom 全部,newsroom.tiktok.com/en-us/*,2023-03-31 00:10:21,2023-03,2023
20230402024509,https://newsroom.tiktok.com/en-us/1-billion-people-on-tiktok?ref=ultimate-live-streaming-hub-restream-blog,200,GQDHTN5TXIC3ZHNBUQP4V22IM5QIFILI,189470,text/html,NEWS,Newsroom 全部,newsroom.tiktok.com/en-us/*,2023-04-02 02:45:09,2023-04,2023
20230402032002,https://newsroom.tiktok.com/en-us/how-tiktok-recommends-videos-for-you?ref=jack-bandy,200,5NSIRJUL76ZDKMPKC244JS3NB6ZCI3RC,195418,text/html,NEWS,Newsroom 全部,newsroom.tiktok.com/en-us/*,2023-04-02 03:20:02,2023-04,2023
20230425095817,http://newsroom.tiktok.com/en-us/an-update-on-our-platform-api-for-researchers,200,3ZZSGXPR2CVV2VRQHJ3KBSE7XJ4U2QTD,154455,text/html,NEWS,Newsroom 全部,newsroom.tiktok.com/en-us/*,2023-04-25 09:58:17,2023-04,2023
20230508013309,https://newsroom.tiktok.com/en-us/introducing-a-way-to-refresh-your-for-you-feed-on-tiktok-us?attr_source=Twitter&attr_medium=organic-post&campaign_name=FYPrefresh-NewsOrAnnouncement-gbmhq-20220320-text-TrustedSafe,200,L3QKWYSX6X767YOZQXWPCW3BEZFBEBLB,158767,text/html,NEWS,Newsroom 全部,newsroom.tiktok.com/en-us/*,2023-05-08 01:33:09,2023-05,2023
20230511021330,https://newsroom.tiktok.com/en-us/creating-content-just-got-easier-with-tiktoks-sounds-for-business?attr_source=Twitter&attr_medium=organic-post&campaign_name=soundsforbusiness-NewsOrAnnouncement-gbmhq-20220228-text-HowtoCreate,200,MEZSHD6VBSPYEYY6LVUAS45SOJIUOP7C,158138,text/html,NEWS,Newsroom 全部,newsroom.tiktok.com/en-us/*,2023-05-11 02:13:30,2023-05,2023
20230530193839,https://newsroom.tiktok.com/en-us/fair-competition-and-transparency-benefits-us-all%20,200,N4GGOXIB6HKX4HXQG5EDU6III5YQF3PF,141312,text/html,NEWS,Newsroom 全部,newsroom.tiktok.com/en-us/*,2023-05-30 19:38:39,2023-05,2023
20230610003524,https://newsroom.tiktok.com/en-us/new-study-finds-people-come-to-tiktok-to-lift-their-spirits?ref=everythinginmoderation.co,200,RBSOHVZC4TV4ZFMVZHQ5OQSDHCR5AJQ7,197525,text/html,NEWS,Newsroom 全部,newsroom.tiktok.com/en-us/*,2023-06-10 00:35:24,2023-06,2023
20230610010243,https://newsroom.tiktok.com/en-us/evolving-our-approach-to-content-enforcement-us,200,NY5DRI5MST33OG7ONZUDXZA3CJJX7IDI,196964,text/html,NEWS,Newsroom 全部,newsroom.tiktok.com/en-us/*,2023-06-10 01:02:43,2023-06,2023
20230618003507,https://newsroom.tiktok.com/en-us/find-a-job-with-tiktok-resumes?ref=blog.onestream.live,200,IXMQOUXBEUCTCRFMIRRB7FECIJV2X6BV,198292,text/html,NEWS,Newsroom 全部,newsroom.tiktok.com/en-us/*,2023-06-18 00:35:07,2023-06,2023
20230627130518,https://newsroom.tiktok.com/en-us/updating-family-pairing-and-establishing-tiktoks-youth-council,200,GJNP4HRQ5EJ6OYFEKKKIC2VQI3RZZVCR,160679,text/html,NEWS,Newsroom 全部,newsroom.tiktok.com/en-us/*,2023-06-27 13:05:18,2023-06,2023
20230629130634,https://newsroom.tiktok.com/en-us/live-subscription-subscriber-only-videos?utm_source=COMMSTWITTER&utm_medium=SOCIAL&utm_campaign=20230629,200,4F3NHEGJWG3ULHPNHLUWZ32VGCGNXBJ2,161942,text/html,NEWS,Newsroom 全部,newsroom.tiktok.com/en-us/*,2023-06-29 13:06:34,2023-06,2023
20230719005204,https://newsroom.tiktok.com/en-us/warner-music-group-tiktok-announce-first-of-its-kind-expanded-agreement,200,FQICNFBDDCXIBXROICXLDSHUBGSUWHAR,197713,text/html,NEWS,Newsroom 全部,newsroom.tiktok.com/en-us/*,2023-07-19 00:52:04,2023-07,2023
20230808051325,http://newsroom.tiktok.com/en-us/an-update-on-our-virtual-transparency-and-accountability-center-experience,200,XC5GNRTJXFQ7IMB3XGU4YFWNF55D2MTO,166355,text/html,NEWS,Newsroom 全部,newsroom.tiktok.com/en-us/*,2023-08-08 05:13:25,2023-08,2023
20231027155832,https://newsroom.tiktok.com/en-us/tiktok-fashion-month-2023?utm_source=peggyktc.beehiiv.com&utm_medium=referral&utm_campaign=peggy-k-s-creator-weekly-youtube-monetization-ad-settings-new-clubhouse-chat-body-type-diversity-on-pinterest,200,C34ATLLS6HII7EVONR6QEXND5M7E3VJG,215440,text/html,NEWS,Newsroom 全部,newsroom.tiktok.com/en-us/*,2023-10-27 15:58:32,2023-10,2023
20231106212228,https://newsroom.tiktok.com/en-us/our-continued-actions-to-protect-the-tiktok-community-during-the-israelhamas-war?utm_source=peggyktc.beehiiv.com&utm_medium=referral&utm_campaign=peggy-k-s-creator-weekly-youtube-viewer-features-twitch-updates-adobe-ai-tools,200,I5RQH5J3XGBAJBHZAQYQCF5PDFDKFVVM,220585,text/html,NEWS,Newsroom 全部,newsroom.tiktok.com/en-us/*,2023-11-06 21:22:28,2023-11,2023
20231108002720,https://newsroom.tiktok.com/en-us/direct-post?utm_source=peggyktc.beehiiv.com&utm_medium=referral&utm_campaign=peggy-k-s-creator-weekly-youtube-viewer-features-twitch-updates-adobe-ai-tools,200,C7X5EDO2QQX6QT5L7LUBDYOHBLA3R6YD,215250,text/html,NEWS,Newsroom 全部,newsroom.tiktok.com/en-us/*,2023-11-08 00:27:20,2023-11,2023
20231114035005,https://newsroom.tiktok.com/en-us/live-fest-2023,200,ICQYGVN7H5TKEXXKY6G2MCHOHS3EEKSE,215982,text/html,NEWS,Newsroom 全部,newsroom.tiktok.com/en-us/*,2023-11-14 03:50:05,2023-11,2023
20231219190136,https://newsroom.tiktok.com/en-us/tiktok-in-the-mix-breaks-record-for-biggest-ever-live-event-on-tiktok,200,AAK3G3W3N3AOLJR4PQHPFRATRMQXHEJE,229608,text/html,NEWS,Newsroom 全部,newsroom.tiktok.com/en-us/*,2023-12-19 19:01:36,2023-12,2023
20240118150802,https://newsroom.tiktok.com/en-us/protecting-election-integrity-in-2024,200,REEHLPW455KEYJPZG4LATUMRYUVBS3NI,227832,text/html,NEWS,Newsroom 全部,newsroom.tiktok.com/en-us/*,2024-01-18 15:08:02,2024-01,2024
20240225051458,https://newsroom.tiktok.com/en-us/live-fest-2023-recap,200,PYBQQPIS3A2CRAK66TR36LMJX3MLYB5I,212228,text/html,NEWS,Newsroom 全部,newsroom.tiktok.com/en-us/*,2024-02-25 05:14:58,2024-02,2024
20240228221241,https://newsroom.tiktok.com/en-us/umpg-update-february-28-2024,200,QJGHT24ODZ3AV4VPUVPGPWRQPZWORGRI,236826,text/html,NEWS,Newsroom 全部,newsroom.tiktok.com/en-us/*,2024-02-28 22:12:41,2024-02,2024
20240318162213,https://newsroom.tiktok.com/en-us/introducing-the-new-creator-rewards-program,200,DF6E7B6YKCTJBEDCJH6CIUSGSZIJCTUR,253965,text/html,NEWS,Newsroom 全部,newsroom.tiktok.com/en-us/*,2024-03-18 16:22:13,2024-03,2024
20240325132052,https://newsroom.tiktok.com/en-us/tiktok-youth-council-holds-first-meetings-as-new-research-shows-teens-want-to-work-directly-with-platforms,200,EK7MEPLWBTHCXTCBSJHLKWY7KBJSS3AR,241895,text/html,NEWS,Newsroom 全部,newsroom.tiktok.com/en-us/*,2024-03-25 13:20:52,2024-03,2024
20240416190940,https://newsroom.tiktok.com/en-us/tiktok-and-axs-announce-global-ticketing-partnership,200,3ET6QJWRV5LH6ZZM4QA5NSNHXD7YO63U,198482,text/html,NEWS,Newsroom 全部,newsroom.tiktok.com/en-us/*,2024-04-16 19:09:40,2024-04,2024
20240417215856,https://newsroom.tiktok.com/en-us/more-updates-to-help-the-tiktok-community-create-and-share-safely,200,NGF2QM2HNENIUA5FR7DWDZGWKOVAQOHI,243995,text/html,NEWS,Newsroom 全部,newsroom.tiktok.com/en-us/*,2024-04-17 21:58:56,2024-04,2024
20240424212642,https://newsroom.tiktok.com/en-us/statement-on-enactment-of-the-tiktok-ban-april-24-2024,200,AC4KBG63F7NE3AL5CLACZ3WCERNEZL4N,241341,text/html,NEWS,Newsroom 全部,newsroom.tiktok.com/en-us/*,2024-04-24 21:26:42,2024-04,2024
20240501052344,https://newsroom.tiktok.com/en-us/tiktok-and-cts-eventim-announce-global-ticketing-partnership-us,200,GSJCQFQK5WL3WWGG7W67INMVHFWIGFBT,242437,text/html,NEWS,Newsroom 全部,newsroom.tiktok.com/en-us/*,2024-05-01 05:23:44,2024-05,2024
20240502080411,https://newsroom.tiktok.com/en-us/universal-music-group-and-tiktok-announce-new-licensing-agreement,200,OSUU3CO6TZJYTAXOLCAGMH7PR5RHG2BY,243900,text/html,NEWS,Newsroom 全部,newsroom.tiktok.com/en-us/*,2024-05-02 08:04:11,2024-05,2024
20240507161940,https://newsroom.tiktok.com/en-us/court-filing-on-tiktok-ban-2024,200,PUGAIVWWCIUP5KYMTYRCGTNSREA2QSE3,197420,text/html,NEWS,Newsroom 全部,newsroom.tiktok.com/en-us/*,2024-05-07 16:19:40,2024-05,2024
20240508103013,https://newsroom.tiktok.com/en-us/becybersmart-tiktok-Summertime-safety-tips,200,ISK5Z5EHBC6V3VHQJMSXJPTOX47ANSEX,199345,text/html,NEWS,Newsroom 全部,newsroom.tiktok.com/en-us/*,2024-05-08 10:30:13,2024-05,2024
20240509121329,https://newsroom.tiktok.com/en-us/partnering-with-our-industry-to-advance-ai-transparency-and-literacy,200,BEODWW74PWCEOMIZUVCRCDBGSIABGTQI,199929,text/html,NEWS,Newsroom 全部,newsroom.tiktok.com/en-us/*,2024-05-09 12:13:29,2024-05,2024
20240511165854,https://newsroom.tiktok.com/en-us/strengthening-privacy-and-safety-for-youth%20%20,200,UKZWJKEQMG6OQUNWNEZIBDRWDEG5Y46U,181844,text/html,NEWS,Newsroom 全部,newsroom.tiktok.com/en-us/*,2024-05-11 16:58:54,2024-05,2024
20240520212650,https://newsroom.tiktok.com/en-us/introducing-tiktok-shop?utm_source=www.embeddedfinancereview.com&utm_medium=referral&utm_campaign=is-tiktok-launching-a-fintech-product-bank-baas-vs-standalone-should-brands-acquire-fintech-startups,200,KVYQSGECIA5ILYZFN4375BML7MINE7FA,212571,text/html,NEWS,Newsroom 全部,newsroom.tiktok.com/en-us/*,2024-05-20 21:26:50,2024-05,2024
20240521164010,https://newsroom.tiktok.com/en-us/tiktok-change-makers-program,200,6GNR223KYS7UM4Z5B7H4JKPGT7BOANG2,254287,text/html,NEWS,Newsroom 全部,newsroom.tiktok.com/en-us/*,2024-05-21 16:40:10,2024-05,2024
20240617094920,https://newsroom.tiktok.com/en-us/bringing-more-context-to-content-on-tiktok?utm_campaign=030622+%22Update+on+March+6%2C+2022+at+1%3A15pm+ET+An+update+on+TikTok%27s+s&utm_medium=social&utm_source=COMMSTWITTER,200,V6FU7YOOO2XEYX2JITOUWCB347MHLAAU,259454,text/html,NEWS,Newsroom 全部,newsroom.tiktok.com/en-us/*,2024-06-17 09:49:20,2024-06,2024
20240621010533,https://newsroom.tiktok.com/en-us/tiktok-federal-opening-brief-filing-on-ban-june-2024,200,XUBXLBDEB24Y4VJDSATFH453736AXQ5H,245003,text/html,NEWS,Newsroom 全部,newsroom.tiktok.com/en-us/*,2024-06-21 01:05:33,2024-06,2024
20240625055553,https://newsroom.tiktok.com/en-us/a-message-to-our-black-community?ref=everythinginmoderation.co,200,UUI75RHQSVLQNPZEQM2WWS6FPUDBTAOV,215360,text/html,NEWS,Newsroom 全部,newsroom.tiktok.com/en-us/*,2024-06-25 05:55:53,2024-06,2024
20240626134025,https://newsroom.tiktok.com/en-us/delivering-on-our-us-data-governance&a=created,200,PE4G2N7HOTFDQ2HHSJBNU22HJ7IGYPXT,227399,text/html,NEWS,Newsroom 全部,newsroom.tiktok.com/en-us/*,2024-06-26 13:40:25,2024-06,2024
20240819024914,https://newsroom.tiktok.com/en-us/tiktok-files-reply-brief-on-unconstitutional-ban,200,F5FFBKES7CCJIN3FHXEOMTFYX3SU4SCY,277373,text/html,NEWS,Newsroom 全部,newsroom.tiktok.com/en-us/*,2024-08-19 02:49:14,2024-08,2024
20240904210152,https://newsroom.tiktok.com/en-us/continuing-to-protect-the-integrity-of-tiktok-through-the-us-elections,200,346M2O5XH6DDJXU4O64MUM7TLNQSUT76,225923,text/html,NEWS,Newsroom 全部,newsroom.tiktok.com/en-us/*,2024-09-04 21:01:52,2024-09,2024
20240905163142,https://newsroom.tiktok.com/en-us/tiktok-and-the-family-online-safety-institute-partner-to-launch-digital-safety-partnership-for-families,200,ZXCZHFCMLKVUPHTQLWJHFJTZOTOF3FWD,296769,text/html,NEWS,Newsroom 全部,newsroom.tiktok.com/en-us/*,2024-09-05 16:31:42,2024-09,2024
20240909211526,https://newsroom.tiktok.com/en-us/tiktok-and-monumental-sports-entertainment-announce-partnership,200,PWPI2ZNGFWZDKAESG6EM7ZWSZT5ZBGCN,200008,text/html,NEWS,Newsroom 全部,newsroom.tiktok.com/en-us/*,2024-09-09 21:15:26,2024-09,2024
20241007134035,https://newsroom.tiktok.com/en-us/tiktok-introduces-family-pairing?nrcat=social-updates,200,273MHC7IAB4IASIHUSJJWVBNGRWOY5C2,230139,text/html,NEWS,Newsroom 全部,newsroom.tiktok.com/en-us/*,2024-10-07 13:40:35,2024-10,2024
20241007142332,https://newsroom.tiktok.com/en-us/gimme-the-mic?utm_source=www.bohlive.com&utm_medium=referral&utm_campaign=165,200,J2JB3FKKAXYHPZ3YVQZEIFHRPMLKFZP6,230210,text/html,NEWS,Newsroom 全部,newsroom.tiktok.com/en-us/*,2024-10-07 14:23:32,2024-10,2024
20241007143654,https://newsroom.tiktok.com/en-us/tiktok-small-gestures-launches-with-brand-partners-to-give-back?nrcat=social-updates,200,NL7NVAQTCJ6WFLITHZZ5YRMXVPZ5MI3N,230222,text/html,NEWS,Newsroom 全部,newsroom.tiktok.com/en-us/*,2024-10-07 14:36:54,2024-10,2024
20241007151310,https://newsroom.tiktok.com/en-us/celebrating-super-bowl-lvii-on-tiktok?utm_source=www.bohlive.com&utm_medium=referral&utm_campaign=138,200,S3Q4ZTMURMTBGQ4EOMVZWMGILWVQR5QR,230143,text/html,NEWS,Newsroom 全部,newsroom.tiktok.com/en-us/*,2024-10-07 15:13:10,2024-10,2024
20241007153506,https://newsroom.tiktok.com/en-us/tiktok-partners-with-eventbrite-to-simplify-event-promotion-and-creation-for-the-global-tiktok-community-us?utm_source=www.bohlive.com&utm_medium=referral&utm_campaign=213,200,ZH64QZEEGSCV4GRM6AQE53Z2CPUOAMPT,230169,text/html,NEWS,Newsroom 全部,newsroom.tiktok.com/en-us/*,2024-10-07 15:35:06,2024-10,2024
20241104171504,https://newsroom.tiktok.com/en-us/helping-creators-bring-creativity-to-life-with-tiktok-studio?utm_source=www.creatorstoolbox.co&utm_medium=referral&utm_campaign=7-new-canva-features-announced-this-week,200,NWIPS2JGEPKDREF43RWXIVG6LLOIOXQB,231613,text/html,NEWS,Newsroom 全部,newsroom.tiktok.com/en-us/*,2024-11-04 17:15:04,2024-11,2024
20241104174747,https://newsroom.tiktok.com/en-us/empowering-creators-and-fostering-communities-with-the-expanded-subscription-feature?utm_source=lindseygamble.beehiiv.com&utm_medium=referral&utm_campaign=meta-connect-2024-key-creator-updates-language-dubbing-to-realistic-video-avatars,200,OJLXTB7TX4L47RTFLQTK2OVVGOKZH7Q5,231668,text/html,NEWS,Newsroom 全部,newsroom.tiktok.com/en-us/*,2024-11-04 17:47:47,2024-11,2024
20241111143538,https://newsroom.tiktok.com/en-us/tiktok-announces-veteran-voices-10-million-to-10-veteran-organizations,200,KYYQ5MDNXCEGOIDUQVEG6U4S2IEB2O4M,248118,text/html,NEWS,Newsroom 全部,newsroom.tiktok.com/en-us/*,2024-11-11 14:35:38,2024-11,2024
20241118163054,https://newsroom.tiktok.com/en-us/supporting-make-a-wish-with-tiktok-live-feat-jason-derulo-and-alexander-stewart,200,YSNWMICVAYTAI2TG3M2E3YPBPZQ5CQEW,246004,text/html,NEWS,Newsroom 全部,newsroom.tiktok.com/en-us/*,2024-11-18 16:30:54,2024-11,2024
20241121040857,https://newsroom.tiktok.com/en-us/continuing-to-protect-the-integrity-of-tiktok-through-the-us-elections%0D,200,EFQTZT72DCH46ETNFZGPHUUZQR37APYY,227384,text/html,NEWS,Newsroom 全部,newsroom.tiktok.com/en-us/*,2024-11-21 04:08:57,2024-11,2024
20241126170340,https://newsroom.tiktok.com/en-us/introducing-the-new-creator-rewards-program&amp;sa=U&amp;ved=2ahUKEwjMn4qlvfqJAxV5IEQIHaJVCD8QFnoECAwQGw&amp;usg=AOvVaw2nNlugyb2Zr-29D4lklrET%22,200,NZE6FDGF7KE55PXJ6KUYDONSSJGCRCW7,290176,text/html,NEWS,Newsroom 全部,newsroom.tiktok.com/en-us/*,2024-11-26 17:03:40,2024-11,2024
20241206005005,https://newsroom.tiktok.com/en-us/mobile-effect-editor?utm_source=news.thepublishpress.com&utm_medium=referral&utm_campaign=inside-youtube-s-latest-ai-updates,200,QUBM5LBBY7T73RJOW7TC3FNJRGB6P2VM,233030,text/html,NEWS,Newsroom 全部,newsroom.tiktok.com/en-us/*,2024-12-06 00:50:05,2024-12,2024
20241206011959,https://newsroom.tiktok.com/en-us/year-on-tiktok-2023?utm_source=lindseygamble.beehiiv.com&utm_medium=referral&utm_campaign=meta-ai-updates-linkedin-newsletter-analytics-abercrombie-s-creator-suite,200,RHKDDNDCV7VK6QN4JNS2UDFUZA27YSAY,233002,text/html,NEWS,Newsroom 全部,newsroom.tiktok.com/en-us/*,2024-12-06 01:19:59,2024-12,2024
20241206012820,https://newsroom.tiktok.com/en-us/creator-next?utm_source=lindseygamble.beehiiv.com&utm_medium=referral&utm_campaign=tiktok-rewards-creators,200,QJTJPVPI6XBX7SAWEZQLOLSXGVXWEGY3,232941,text/html,NEWS,Newsroom 全部,newsroom.tiktok.com/en-us/*,2024-12-06 01:28:20,2024-12,2024
20241206015717,https://newsroom.tiktok.com/en-us/tiktok-is-building-for-the-future-with-smart-plus?utm_source=newsletter.ai-academy.com&utm_medium=referral&utm_campaign=chatgpt-is-abandoning-its-chat-nature,200,44T7NGJ6INHFJVEL6WEEPGES5GQYAVSK,233085,text/html,NEWS,Newsroom 全部,newsroom.tiktok.com/en-us/*,2024-12-06 01:57:17,2024-12,2024
20241220015639,https://newsroom.tiktok.com/en-us/statement-on-supreme-court-order-to-hear-tiktok-ban-case,200,DZY333EP77JBWT4ZC3Q5AS5QDNKQNFHF,299974,text/html,NEWS,Newsroom 全部,newsroom.tiktok.com/en-us/*,2024-12-20 01:56:39,2024-12,2024
20241221013227,https://newsroom.tiktok.com/en-us/bringing-even-more-transparency,200,XFNHMXCLLY6DKUJVG7D44NG4PYMAXDOK,249884,text/html,NEWS,Newsroom 全部,newsroom.tiktok.com/en-us/*,2024-12-21 01:32:27,2024-12,2024
20250130215145,https://newsroom.tiktok.com/en-us/tiktok-announces-the-launch-of-behind-the-breakthrough,200,GP6JJG6WD7SOU7ZR462FG4TE2QP4RR5O,251218,text/html,NEWS,Newsroom 全部,newsroom.tiktok.com/en-us/*,2025-01-30 21:51:45,2025-01,2025
20250211060522,https://newsroom.tiktok.com/en-us/tiktok-files-emergency-motion-for-injunction?ref=completemusicupdate.com,200,ZWN6OXBPSZT7FYVV6MIAFZFRDBEOX2EQ,236157,text/html,NEWS,Newsroom 全部,newsroom.tiktok.com/en-us/*,2025-02-11 06:05:22,2025-02,2025
20250214164113,https://newsroom.tiktok.com/en-us/tiktok-partners-with-american-heart-association-for-2nd-annual-live-event,200,UQVTHUIRAE4RZPVQLI6UO64MQWQPNRFG,252419,text/html,NEWS,Newsroom 全部,newsroom.tiktok.com/en-us/*,2025-02-14 16:41:13,2025-02,2025
20250215034828,https://newsroom.tiktok.com/en-us/tiktok-launches-a-digital-safety-and-privacy-campaign-for-safer-internet-day-and-beyond,200,GPOVP2VMEPJTEHBR2YBSDTL6RHLWT5NO,308171,text/html,NEWS,Newsroom 全部,newsroom.tiktok.com/en-us/*,2025-02-15 03:48:28,2025-02,2025
20250219162820,https://newsroom.tiktok.com/en-us/celebrating-the-power-of-community-and-creativity-on-tiktok-live-in-2024,200,CD2IHX7TTNJMM5VNHEEEVRCI6B7ZLHTR,253380,text/html,NEWS,Newsroom 全部,newsroom.tiktok.com/en-us/*,2025-02-19 16:28:20,2025-02,2025
20250307174947,https://newsroom.tiktok.com/en-us/women-of-tiktok-celebrating-extraordinary-women-driving-real-world-change,200,BESABUFRKGVCNUBPKQRL26XZJKSU4H5Q,21369,text/html,NEWS,Newsroom 全部,newsroom.tiktok.com/en-us/*,2025-03-07 17:49:47,2025-03,2025
20250311153156,https://newsroom.tiktok.com/en-us/new-ways-we-are-supporting-parents-and-helping-teens-build-balanced-digital-habits,200,7O5GM5CEWWMCKW2OXICYFN3ZA3PFDBSY,20152,text/html,NEWS,Newsroom 全部,newsroom.tiktok.com/en-us/*,2025-03-11 15:31:56,2025-03,2025
20250313094849,https://newsroom.tiktok.com/en-us/tiktok-partners-with-national-skill-development-corporation-nsdc-to-celebrate-world-youth-skills-day-2019-with-skills4all-campaign,200,NGMQEYGXWPUE5D4522PQRERPH6C3ZUV7,21486,text/html,NEWS,Newsroom 全部,newsroom.tiktok.com/en-us/*,2025-03-13 09:48:49,2025-03,2025
20250315172209,https://newsroom.tiktok.com/en-us/tate-mcrae-experience-and-shoppable-global-livestream?utm_source=geekout.mattnavarra.com&utm_medium=referral&utm_campaign=x-s-new-business-model-threatening-advertisers,200,ASXERKBWUBT7UURP7CXTH3NVPINNUWWE,21035,text/html,NEWS,Newsroom 全部,newsroom.tiktok.com/en-us/*,2025-03-15 17:22:09,2025-03,2025
20250507172837,https://newsroom.tiktok.com/en-us/enhancing-the-live-community-experience-with-new-features-updates-and-policies,200,2MGZ4BRW6X3DCVWSSW4EC7UNMFTMOD2J,16625,text/html,NEWS,Newsroom 全部,newsroom.tiktok.com/en-us/*,2025-05-07 17:28:37,2025-05,2025
20250513185422,https://newsroom.tiktok.com/en-us/introducing-tiktok-ai-alive,200,BDBM7Z5F76XWMEY26XILEJYQVOUI7FBW,15342,text/html,NEWS,Newsroom 全部,newsroom.tiktok.com/en-us/*,2025-05-13 18:54:22,2025-05,2025
20250517020900,https://newsroom.tiktok.com/en-us/5-tips-for-tiktok-creators?utm_source=geekout.mattnavarra.com&utm_medium=referral&utm_campaign=geekout-newsletter-6-in-social-media-we-anti-trust,200,CVGSGN2EZYOJZBYXJJWIV2EPOV3544BY,20616,text/html,NEWS,Newsroom 全部,newsroom.tiktok.com/en-us/*,2025-05-17 02:09:00,2025-05,2025
20250526012700,https://newsroom.tiktok.com/en-us/tiktok-and-soundcloud-announce-new-add-to-music-app-partnership-announcement,200,KYZJA4P4GDJ4C64ZU6G2XJMNY6D4UZPW,19433,text/html,NEWS,Newsroom 全部,newsroom.tiktok.com/en-us/*,2025-05-26 01:27:00,2025-05,2025
20250613232503,https://newsroom.tiktok.com/en-us/tiktok-economic-impact-report-2024-smb?utm_source=www.boringbusinessnerd.com&utm_medium=newsletter&utm_campaign=can-trump-undo-the-tiktok-ban&_bhlid=e0456c89ded8537d2268243a684986286177f2b6,200,I4UVN2TYQXOFICSM3DZO5AXYZB5X6ZJ6,22094,text/html,NEWS,Newsroom 全部,newsroom.tiktok.com/en-us/*,2025-06-13 23:25:03,2025-06,2025
20250616125921,https://newsroom.tiktok.com/en-us/tiktok-symphony-updates,200,TRXXYC3VBHUIL5BNHAKIHLNCIUF372U7,19215,text/html,NEWS,Newsroom 全部,newsroom.tiktok.com/en-us/*,2025-06-16 12:59:21,2025-06,2025
20250701161346,https://newsroom.tiktok.com/en-us/sukeban-and-tiktok-join-forces-for-immersive-fan-experience,200,FHBQZGEQ476U6JSSDECILIDVOLZJZYIZ,19833,text/html,NEWS,Newsroom 全部,newsroom.tiktok.com/en-us/*,2025-07-01 16:13:46,2025-07,2025
20250716185821,https://newsroom.tiktok.com/en-us/sukeban-and-TikTok-join-forces-for-immersive-fan-experience,200,SMFBXLLEDLD7SJUOHNQDAAQUZLIO7NT5,14067,text/html,NEWS,Newsroom 全部,newsroom.tiktok.com/en-us/*,2025-07-16 18:58:21,2025-07,2025
20250717130528,https://newsroom.tiktok.com/en-us/tiktok-announces-the-beta-launch-of-songwriter-features?utm_source=chatgpt.com,200,NSF525ITGWZTHZGQ2KI4K443BII4GSKC,18529,text/html,NEWS,Newsroom 全部,newsroom.tiktok.com/en-us/*,2025-07-17 13:05:28,2025-07,2025
20250719213357,https://newsroom.tiktok.com/en-us/tiktok-shop-is-where-shoppers-come-to-discover?ref=dtc.live,200,Z7GGJUEP7MGD25Q4EI4W5Y32XMSCM2NJ,17869,text/html,NEWS,Newsroom 全部,newsroom.tiktok.com/en-us/*,2025-07-19 21:33:57,2025-07,2025
20250720035641,https://newsroom.tiktok.com/en-us/tiktok-whats-next-2025-trend-report-us?utm_source=MarkLives+MEDIA&utm_campaign=3fc3921d4e-EMAIL_CAMPAIGN_2024_06_25_01_29_COPY_01&utm_medium=email&utm_term=0_-6da84ec25d-,200,Z57U5ZUCDGTBSIJYFNEQPXT6Z3TRTTKG,25080,text/html,NEWS,Newsroom 全部,newsroom.tiktok.com/en-us/*,2025-07-20 03:56:41,2025-07,2025
20250725045213,https://newsroom.tiktok.com/en-us/player-spotlight-messi-returns-to-tiktok-live,200,YEJ6UKT2J7UWS5TLBGZJK5DJIJJSPLXA,17056,text/html,NEWS,Newsroom 全部,newsroom.tiktok.com/en-us/*,2025-07-25 04:52:13,2025-07,2025
20250728235424,https://newsroom.tiktok.com/en-us/tiktok-and-iheartradio-present-next-up-live-music,200,XT3GL72LJL2Z7JWYYNR6FOEEBSYN5Q4O,19081,text/html,NEWS,Newsroom 全部,newsroom.tiktok.com/en-us/*,2025-07-28 23:54:24,2025-07,2025
20250730121415,https://newsroom.tiktok.com/en-us/tiktok-announces-a-suite-product-features,200,MVAWWPQBIOH5J5Z3N7ZN4NXTNZASSFZT,19989,text/html,NEWS,Newsroom 全部,newsroom.tiktok.com/en-us/*,2025-07-30 12:14:15,2025-07,2025
20250803084038,https://newsroom.tiktok.com/en-us/prioritizing-the-mental-health-of-our-community-with-headspace-and-enhanced-resources?utm_source=peggyktc.beehiiv.com&utm_medium=referral&utm_campaign=peggy-k-s-creator-weekly-youtube-shorts-threads-moderation-meet-beta-docs-tabs,200,WRYGVUIXJCZTCPYFLR47IA7K2GSISHJH,18318,text/html,NEWS,Newsroom 全部,newsroom.tiktok.com/en-us/*,2025-08-03 08:40:38,2025-08,2025
20250806080052,https://newsroom.tiktok.com/en-us/more-ways-to-discover-new-content-and-creators-you-love?utm_source=peggyktc.beehiiv.com&utm_medium=referral&utm_campaign=creator-weekly-twitch-updates-android-adobe-photoshop-reddit-custom-profiles,200,26Q3VVKDMOZQOJ3VUWFWET5X7764ZL4W,19373,text/html,NEWS,Newsroom 全部,newsroom.tiktok.com/en-us/*,2025-08-06 08:00:52,2025-08,2025
20250806085249,https://newsroom.tiktok.com/en-us/celebrating-the-lgbtqia-community-on-tiktok-and-beyond?utm_source=peggyktc.beehiiv.com&utm_medium=referral&utm_campaign=creator-weekly-twitch-updates-android-adobe-photoshop-reddit-custom-profiles,200,YD3UW6WNQA7SG55GRE32MWX74PVC2JNK,19893,text/html,NEWS,Newsroom 全部,newsroom.tiktok.com/en-us/*,2025-08-06 08:52:49,2025-08,2025
20250806092436,https://newsroom.tiktok.com/en-us/tiktok-for-artists-launches?utm_source=peggyktc.beehiiv.com&utm_medium=referral&utm_campaign=creator-weekly-twitch-updates-android-adobe-photoshop-reddit-custom-profiles,200,ZXVDE2DMJMO7HUBSZYQE3OH4G2KYDA6B,17453,text/html,NEWS,Newsroom 全部,newsroom.tiktok.com/en-us/*,2025-08-06 09:24:36,2025-08,2025
20250807000832,https://newsroom.tiktok.com/en-US/tiktok-and-soundcloud-announce-new-add-to-music-app-partnership-announcement,200,Q4ADS4HAKNMIIDTWOOF52AKQIPO7JHX4,16307,text/html,NEWS,Newsroom 全部,newsroom.tiktok.com/en-us/*,2025-08-07 00:08:32,2025-08,2025
20250814180443,https://newsroom.tiktok.com/en-us/create-discover-and-connect-on-tiktok-with-simpler-and-stronger-community-guidelines,200,PLDGHNN3TF77HYWVLWGWWTCMUODQAFWK,13975,text/html,NEWS,Newsroom 全部,newsroom.tiktok.com/en-us/*,2025-08-14 18:04:43,2025-08,2025
20250819161158,https://newsroom.tiktok.com/en-us/tiktok-and-atp-announce-global-content-partnership,200,F6NBAIBTTMTYKZC4ZPO34UUWLP2TCOVY,13663,text/html,NEWS,Newsroom 全部,newsroom.tiktok.com/en-us/*,2025-08-19 16:11:58,2025-08,2025
20250908195233,https://newsroom.tiktok.com/en-us/tiktok-expands-out-of-phone-program?utm_source=geekout.mattnavarra.com&utm_medium=referral&utm_campaign=uk-activates-age-checks-teens-activate-vpns,200,W35LC6BU4M6ZWHAMOYQROXZXJ3ZIS4AH,18143,text/html,NEWS,Newsroom 全部,newsroom.tiktok.com/en-us/*,2025-09-08 19:52:33,2025-09,2025
20250911015646,https://newsroom.tiktok.com/en-us/meet-the-finalists-of-next-up-live-music-presented-by-tiktok-and-iheartradio,200,DYIBPMSQYQ4X7C6HGOXYTSQOPPQKGFH3,20077,text/html,NEWS,Newsroom 全部,newsroom.tiktok.com/en-us/*,2025-09-11 01:56:46,2025-09,2025
